<?xml version="1.0" encoding="UTF-8"?><rss version="2.0"
	xmlns:content="http://purl.org/rss/1.0/modules/content/"
	xmlns:dc="http://purl.org/dc/elements/1.1/"
	xmlns:atom="http://www.w3.org/2005/Atom"
	xmlns:sy="http://purl.org/rss/1.0/modules/syndication/"
	
	>
<channel>
	<title>
	Comments on: Trapped In A Dating Sim	</title>
	<atom:link href="/review/trapped-in-a-dating-sim/feed/" rel="self" type="application/rss+xml" />
	<link>/review/trapped-in-a-dating-sim/?utm_source=rss#038;utm_medium=rss&#038;utm_campaign=trapped-in-a-dating-sim</link>
	<description>Manga Reviews &#38; Recommendations</description>
	<lastBuildDate>Sat, 27 Nov 2021 22:06:46 +0000</lastBuildDate>
	<sy:updatePeriod>
	hourly	</sy:updatePeriod>
	<sy:updateFrequency>
	1	</sy:updateFrequency>
	<generator>https://wordpress.org/?v=6.5.3</generator>
	<item>
		<title>
		By: 		</title>
		<link>/review/trapped-in-a-dating-sim/#comment-6</link>

		<dc:creator><![CDATA[]]></dc:creator>
		<pubDate>Wed, 10 Nov 2021 23:48:14 +0000</pubDate>
		<guid isPermaLink="false">https://mangamoon.me/?post_type=review&#038;p=2932#comment-6</guid>

					<description><![CDATA[It truely is amusing. I really hope there will be some kind of an sequal]]></description>
			<content:encoded><![CDATA[<p>It truely is amusing. I really hope there will be some kind of an sequal</p>
]]></content:encoded>
		
			</item>
		<item>
		<title>
		By: Celtrius		</title>
		<link>/review/trapped-in-a-dating-sim/#comment-4</link>

		<dc:creator><![CDATA[Celtrius]]></dc:creator>
		<pubDate>Tue, 09 Nov 2021 06:52:52 +0000</pubDate>
		<guid isPermaLink="false">https://mangamoon.me/?post_type=review&#038;p=2932#comment-4</guid>

					<description><![CDATA[Nice]]></description>
			<content:encoded><![CDATA[<p>Nice</p>
]]></content:encoded>
		
			</item>
	</channel>
</rss>
