<?xml version="1.0" encoding="UTF-8"?><rss version="2.0"
	xmlns:content="http://purl.org/rss/1.0/modules/content/"
	xmlns:wfw="http://wellformedweb.org/CommentAPI/"
	xmlns:dc="http://purl.org/dc/elements/1.1/"
	xmlns:atom="http://www.w3.org/2005/Atom"
	xmlns:sy="http://purl.org/rss/1.0/modules/syndication/"
	xmlns:slash="http://purl.org/rss/1.0/modules/slash/"
	>

<channel>
	<title>Revenge | MangaMoon</title>
	<atom:link href="/topics/feelings-and-human-habits/revenge/feed/" rel="self" type="application/rss+xml" />
	<link>/</link>
	<description>Manga Reviews &#38; Recommendations</description>
	<lastBuildDate>Thu, 05 May 2022 19:33:55 +0000</lastBuildDate>
	<language>en-US</language>
	<sy:updatePeriod>
	hourly	</sy:updatePeriod>
	<sy:updateFrequency>
	1	</sy:updateFrequency>
	<generator>https://wordpress.org/?v=6.5.3</generator>

<image>
	<url>/wp-content/uploads/2021/10/cropped-LogoMoon-32x32.png</url>
	<title>Revenge | MangaMoon</title>
	<link>/</link>
	<width>32</width>
	<height>32</height>
</image> 
	<item>
		<title>God of Blackfield</title>
		<link>/review/god-of-blackfield/?utm_source=rss#038;utm_medium=rss&#038;utm_campaign=god-of-blackfield</link>
					<comments>/review/god-of-blackfield/#comments</comments>
		
		<dc:creator><![CDATA[Andi Front]]></dc:creator>
		<pubDate>Sun, 21 Nov 2021 19:36:29 +0000</pubDate>
				<category><![CDATA[Action]]></category>
		<category><![CDATA[Military]]></category>
		<category><![CDATA[Psychological]]></category>
		<category><![CDATA[School]]></category>
		<guid isPermaLink="false">https://mangamoon.me/?post_type=review&#038;p=3243</guid>

					<description><![CDATA[<p>The French Soldier And Commander Kang Chan (Definitely A French Name)<br />
Also Known As God Of Blackfield Who Was Feared By All Of His Enemies Died On A Mission.<br />
The End…<br />
Well It Would Be If He Didn’t Reincarnate!</p>
<p>The post <a href="/review/god-of-blackfield/">God of Blackfield</a> first appeared on <a href="/">MangaMoon</a>.</p>]]></description>
		
					<wfw:commentRss>/review/god-of-blackfield/feed/</wfw:commentRss>
			<slash:comments>1</slash:comments>
		
		
			</item>
	</channel>
</rss>
