<?xml version="1.0" encoding="UTF-8"?><rss version="2.0"
	xmlns:content="http://purl.org/rss/1.0/modules/content/"
	xmlns:dc="http://purl.org/dc/elements/1.1/"
	xmlns:atom="http://www.w3.org/2005/Atom"
	xmlns:sy="http://purl.org/rss/1.0/modules/syndication/"
	
	>
<channel>
	<title>
	Comments on: Moonlit Fantasy	</title>
	<atom:link href="/review/moonlit-fantasy/feed/" rel="self" type="application/rss+xml" />
	<link>/review/moonlit-fantasy/?utm_source=rss#038;utm_medium=rss&#038;utm_campaign=moonlit-fantasy</link>
	<description>Manga Reviews &#38; Recommendations</description>
	<lastBuildDate>Sat, 27 Nov 2021 22:07:44 +0000</lastBuildDate>
	<sy:updatePeriod>
	hourly	</sy:updatePeriod>
	<sy:updateFrequency>
	1	</sy:updateFrequency>
	<generator>https://wordpress.org/?v=6.5.3</generator>
</channel>
</rss>
