<?xml version="1.0" encoding="UTF-8"?><rss version="2.0"
	xmlns:content="http://purl.org/rss/1.0/modules/content/"
	xmlns:dc="http://purl.org/dc/elements/1.1/"
	xmlns:atom="http://www.w3.org/2005/Atom"
	xmlns:sy="http://purl.org/rss/1.0/modules/syndication/"
	
	>
<channel>
	<title>
	Comments on: God of Blackfield	</title>
	<atom:link href="/review/god-of-blackfield/feed/" rel="self" type="application/rss+xml" />
	<link>/review/god-of-blackfield/?utm_source=rss#038;utm_medium=rss&#038;utm_campaign=god-of-blackfield</link>
	<description>Manga Reviews &#38; Recommendations</description>
	<lastBuildDate>Thu, 05 May 2022 19:33:55 +0000</lastBuildDate>
	<sy:updatePeriod>
	hourly	</sy:updatePeriod>
	<sy:updateFrequency>
	1	</sy:updateFrequency>
	<generator>https://wordpress.org/?v=6.5.3</generator>
	<item>
		<title>
		By: wexln ;)		</title>
		<link>/review/god-of-blackfield/#comment-7</link>

		<dc:creator><![CDATA[wexln ;)]]></dc:creator>
		<pubDate>Thu, 25 Nov 2021 15:06:37 +0000</pubDate>
		<guid isPermaLink="false">https://mangamoon.me/?post_type=review&#038;p=3243#comment-7</guid>

					<description><![CDATA[nice review!]]></description>
			<content:encoded><![CDATA[<p>nice review!</p>
]]></content:encoded>
		
			</item>
	</channel>
</rss>
