<?xml version="1.0" encoding="UTF-8"?><rss version="2.0"
	xmlns:content="http://purl.org/rss/1.0/modules/content/"
	xmlns:dc="http://purl.org/dc/elements/1.1/"
	xmlns:atom="http://www.w3.org/2005/Atom"
	xmlns:sy="http://purl.org/rss/1.0/modules/syndication/"
	
	>
<channel>
	<title>
	Comments on: yes it is JoJo again	</title>
	<atom:link href="/list/elementor-2194/feed/" rel="self" type="application/rss+xml" />
	<link>/list/elementor-2194/?utm_source=rss#038;utm_medium=rss&#038;utm_campaign=elementor-2194</link>
	<description>Manga Reviews &#38; Recommendations</description>
	<lastBuildDate>Mon, 08 Nov 2021 22:39:35 +0000</lastBuildDate>
	<sy:updatePeriod>
	hourly	</sy:updatePeriod>
	<sy:updateFrequency>
	1	</sy:updateFrequency>
	<generator>https://wordpress.org/?v=6.5.3</generator>
	<item>
		<title>
		By: Andi Front		</title>
		<link>/list/elementor-2194/#comment-3</link>

		<dc:creator><![CDATA[Andi Front]]></dc:creator>
		<pubDate>Wed, 03 Nov 2021 20:56:34 +0000</pubDate>
		<guid isPermaLink="false">https://www.mangamoon.ml/?p=2194#comment-3</guid>

					<description><![CDATA[In reply to &lt;a href=&quot;/list/elementor-2194/#comment-2&quot;&gt;Celtrius&lt;/a&gt;.

yes]]></description>
			<content:encoded><![CDATA[<p>In reply to <a href="/list/elementor-2194/#comment-2">Celtrius</a>.</p>
<p>yes</p>
]]></content:encoded>
		
			</item>
		<item>
		<title>
		By: Celtrius		</title>
		<link>/list/elementor-2194/#comment-2</link>

		<dc:creator><![CDATA[Celtrius]]></dc:creator>
		<pubDate>Wed, 03 Nov 2021 05:45:59 +0000</pubDate>
		<guid isPermaLink="false">https://www.mangamoon.ml/?p=2194#comment-2</guid>

					<description><![CDATA[Is this art?]]></description>
			<content:encoded><![CDATA[<p>Is this art?</p>
]]></content:encoded>
		
			</item>
	</channel>
</rss>
