<?xml version="1.0" encoding="UTF-8"?><rss version="2.0"
	xmlns:content="http://purl.org/rss/1.0/modules/content/"
	xmlns:dc="http://purl.org/dc/elements/1.1/"
	xmlns:atom="http://www.w3.org/2005/Atom"
	xmlns:sy="http://purl.org/rss/1.0/modules/syndication/"
	
	>
<channel>
	<title>
	Comments on: Best upcoming Manhwa with OP Main Character!	</title>
	<atom:link href="/list/best-upcoming-manhwa-with-op-main-character/feed/" rel="self" type="application/rss+xml" />
	<link>/list/best-upcoming-manhwa-with-op-main-character/?utm_source=rss#038;utm_medium=rss&#038;utm_campaign=best-upcoming-manhwa-with-op-main-character</link>
	<description>Manga Reviews &#38; Recommendations</description>
	<lastBuildDate>Fri, 01 Apr 2022 21:24:00 +0000</lastBuildDate>
	<sy:updatePeriod>
	hourly	</sy:updatePeriod>
	<sy:updateFrequency>
	1	</sy:updateFrequency>
	<generator>https://wordpress.org/?v=6.5.3</generator>
</channel>
</rss>
