<?xml version="1.0" encoding="UTF-8"?><rss version="2.0"
	xmlns:content="http://purl.org/rss/1.0/modules/content/"
	xmlns:dc="http://purl.org/dc/elements/1.1/"
	xmlns:atom="http://www.w3.org/2005/Atom"
	xmlns:sy="http://purl.org/rss/1.0/modules/syndication/"
	
	>
<channel>
	<title>
	Comments for MangaMoon	</title>
	<atom:link href="/comments/feed/" rel="self" type="application/rss+xml" />
	<link>/</link>
	<description>Manga Reviews &#38; Recommendations</description>
	<lastBuildDate>Wed, 11 May 2022 21:21:10 +0000</lastBuildDate>
	<sy:updatePeriod>
	hourly	</sy:updatePeriod>
	<sy:updateFrequency>
	1	</sy:updateFrequency>
	<generator>https://wordpress.org/?v=6.5.3</generator>
	<item>
		<title>
		Comment on Berserk of Gluttony by Andi Front		</title>
		<link>/review/berserk-of-gluttony-manga-review/#comment-8</link>

		<dc:creator><![CDATA[Andi Front]]></dc:creator>
		<pubDate>Fri, 17 Dec 2021 12:12:50 +0000</pubDate>
		<guid isPermaLink="false">https://mangamoon.me/?post_type=review&#038;p=3101#comment-8</guid>

					<description><![CDATA[Is this manga a metaphor for Capitalism?]]></description>
			<content:encoded><![CDATA[<p>Is this manga a metaphor for Capitalism?</p>
]]></content:encoded>
		
			</item>
		<item>
		<title>
		Comment on God of Blackfield by wexln ;)		</title>
		<link>/review/god-of-blackfield/#comment-7</link>

		<dc:creator><![CDATA[wexln ;)]]></dc:creator>
		<pubDate>Thu, 25 Nov 2021 15:06:37 +0000</pubDate>
		<guid isPermaLink="false">https://mangamoon.me/?post_type=review&#038;p=3243#comment-7</guid>

					<description><![CDATA[nice review!]]></description>
			<content:encoded><![CDATA[<p>nice review!</p>
]]></content:encoded>
		
			</item>
		<item>
		<title>
		Comment on Trapped In A Dating Sim by 		</title>
		<link>/review/trapped-in-a-dating-sim/#comment-6</link>

		<dc:creator><![CDATA[]]></dc:creator>
		<pubDate>Wed, 10 Nov 2021 23:48:14 +0000</pubDate>
		<guid isPermaLink="false">https://mangamoon.me/?post_type=review&#038;p=2932#comment-6</guid>

					<description><![CDATA[It truely is amusing. I really hope there will be some kind of an sequal]]></description>
			<content:encoded><![CDATA[<p>It truely is amusing. I really hope there will be some kind of an sequal</p>
]]></content:encoded>
		
			</item>
		<item>
		<title>
		Comment on Trapped In A Dating Sim by Celtrius		</title>
		<link>/review/trapped-in-a-dating-sim/#comment-4</link>

		<dc:creator><![CDATA[Celtrius]]></dc:creator>
		<pubDate>Tue, 09 Nov 2021 06:52:52 +0000</pubDate>
		<guid isPermaLink="false">https://mangamoon.me/?post_type=review&#038;p=2932#comment-4</guid>

					<description><![CDATA[Nice]]></description>
			<content:encoded><![CDATA[<p>Nice</p>
]]></content:encoded>
		
			</item>
		<item>
		<title>
		Comment on yes it is JoJo again by Andi Front		</title>
		<link>/list/elementor-2194/#comment-3</link>

		<dc:creator><![CDATA[Andi Front]]></dc:creator>
		<pubDate>Wed, 03 Nov 2021 20:56:34 +0000</pubDate>
		<guid isPermaLink="false">https://www.mangamoon.ml/?p=2194#comment-3</guid>

					<description><![CDATA[In reply to &lt;a href=&quot;/list/elementor-2194/#comment-2&quot;&gt;Celtrius&lt;/a&gt;.

yes]]></description>
			<content:encoded><![CDATA[<p>In reply to <a href="/list/elementor-2194/#comment-2">Celtrius</a>.</p>
<p>yes</p>
]]></content:encoded>
		
			</item>
		<item>
		<title>
		Comment on yes it is JoJo again by Celtrius		</title>
		<link>/list/elementor-2194/#comment-2</link>

		<dc:creator><![CDATA[Celtrius]]></dc:creator>
		<pubDate>Wed, 03 Nov 2021 05:45:59 +0000</pubDate>
		<guid isPermaLink="false">https://www.mangamoon.ml/?p=2194#comment-2</guid>

					<description><![CDATA[Is this art?]]></description>
			<content:encoded><![CDATA[<p>Is this art?</p>
]]></content:encoded>
		
			</item>
	</channel>
</rss>
